{
  "accuracy": [
    0.4797932207584381,
    0.6633249521255493,
    0.7408103346824646,
    0.7891952395439148,
    0.8310185074806213,
    0.8532094359397888,
    0.8627645373344421,
    0.8665587306022644,
    0.8699700832366943,
    0.8721804618835449,
    0.8695175647735596,
    0.8716583251953125
  ],
  "loss": [
    1.3351346254348755,
    0.8189758658409119,
    0.6341614127159119,
    0.5362932682037354,
    0.44623738527297974,
    0.4013112783432007,
    0.3815239369869232,
    0.36847490072250366,
    0.3605552911758423,
    0.35675787925720215,
    0.3598170578479767,
    0.3576821982860565
  ],
  "val_accuracy": [
    0.42106419801712036,
    0.546174168586731,
    0.5782761573791504,
    0.5850923657417297,
    0.6004837155342102,
    0.6033421158790588,
    0.602902352809906,
    0.6070800423622131,
    0.6132366061210632,
    0.6092787981033325,
    0.6088390350341797,
    0.6097185611724854
  ],
  "val_loss": [
    1.4446742534637451,
    1.2321033477783203,
    1.2114036083221436,
    1.232422113418579,
    1.2414218187332153,
    1.277696967124939,
    1.2870861291885376,
    1.2916631698608398,
    1.290033221244812,
    1.2973703145980835,
    1.3013145923614502,
    1.299668788909912
  ],
  "learning_rate": [
    0.0003000000142492354,
    0.0003000000142492354,
    0.0003000000142492354,
    0.0003000000142492354,
    0.0001500000071246177,
    7.500000356230885e-05,
    3.7500001781154424e-05,
    1.8750000890577212e-05,
    9.375000445288606e-06,
    4.999999873689376e-06,
    4.999999873689376e-06,
    4.999999873689376e-06
  ],
  "best_epoch": [
    9
  ]
}